{
  "model_path": "tactical_lstm_quantised.tflite",
  "n_timesteps": 128,
  "n_channels": 6,
  "label_classes": [
    "KNEELING_READY",
    "PRONE_STILL",
    "RUNNING",
    "WALKING"
  ],
  "channel_names": [
    "acc_x",
    "acc_y",
    "acc_z",
    "gyro_x",
    "gyro_y",
    "gyro_z"
  ],
  "raw_mean": [
    -0.0006363030578579545,
    -0.00029229685563157725,
    -0.00027529941238950076,
    0.0005064646739168356,
    -0.0008237808313409084,
    0.00011294843854608613
  ],
  "raw_std": [
    0.19484634958319197,
    0.12242749123373693,
    0.10687881598104465,
    0.4068150747999067,
    0.38185432858276014,
    0.2557431491491414
  ],
  "sampling_rate_hz": 50,
  "window_size_samples": 128,
  "window_overlap": 0.5,
  "_note": "raw_mean/raw_std are placeholders — regenerate by running the notebook then copying ml/models/tflite/model_metadata.json here"
}