{
  "model_path": "tactical_lstm_quantised.tflite",
  "n_timesteps": 128,
  "n_channels": 6,
  "label_classes": [
    "KNEELING_READY",
    "PRONE_STILL",
    "RUNNING",
    "WALKING"
  ],
  "channel_names": [
    "acc_x",
    "acc_y",
    "acc_z",
    "gyro_x",
    "gyro_y",
    "gyro_z"
  ],
  "channel_sources": {
    "acc_xyz": "userAcceleration (iOS CoreMotion) or body_acc (Android)",
    "gyro_xyz": "rotationRate (iOS CoreMotion) or body_gyro (Android)"
  },
  "raw_mean": [
    0.0006161308847367764,
    0.028094667941331863,
    0.02843940071761608,
    0.004262534435838461,
    0.008106673136353493,
    0.0076395259238779545
  ],
  "raw_std": [
    0.28253453969955444,
    0.4408090114593506,
    0.3226463794708252,
    1.0904817581176758,
    1.047033429145813,
    0.6470749378204346
  ],
  "sampling_rate_hz": 50,
  "window_size_samples": 128,
  "window_overlap": 0.5,
  "training_datasets": [
    "UCI HAR",
    "MotionSense"
  ],
  "classes_in_training": [
    "KNEELING_READY",
    "PRONE_STILL",
    "RUNNING",
    "WALKING"
  ],
  "missing_classes": [
    "CRAWLING"
  ]
}